{
   "1st_Layer_Coeffs": [
      [
         -0.11988913267850876,
         -0.005488184746354818,
         0.05831453949213028
      ],
      [
         0.2034022957086563,
         0.0016114551108330488,
         -0.011648653075098991
      ],
      [
         0.2303115427494049,
         0.15953263640403748,
         0.23490406572818756
      ],
      [
         0.1841260939836502,
         0.1839585304260254,
         0.39268961548805237
      ],
      [
         0.06549664586782455,
         0.9746972918510437,
         -0.1429210752248764
      ]
   ],
   "LS_Evolution_F": [
      [
         0.10142744332551956,
         -0.04355074465274811,
         -0.06644587963819504
      ],
      [
         -0.04355074465274811,
         0.7537173628807068,
         0.005989987403154373
      ],
      [
         -0.06644587963819504,
         0.005989987403154373,
         0.8550609946250916
      ]
   ],
   "Imputed_Mapping_A": [
      [
         9.99999901978299e-05,
         9.99999901978299e-05,
         0.19131658971309662
      ],
      [
         0.04379502683877945,
         1.0184530019760132,
         0.09312911331653595
      ],
      [
         0.6964465975761414,
         0.053530145436525345,
         9.99999901978299e-05
      ]
   ],
   "Process_Cov": [
      [
         0.18422299420833588,
         0.0,
         0.0
      ],
      [
         0.0,
         0.056681999772787095,
         0.0
      ],
      [
         0.0,
         0.0,
         0.14068917727470398
      ]
   ],
   "Measurement_Cov": [
      [
         1.100716471672058,
         0.0,
         0.0
      ],
      [
         0.0,
         0.2565438747406006,
         0.0
      ],
      [
         0.0,
         0.0,
         0.19912390410900116
      ]
   ],
   "Treatment_Mapping_G": [
      [
         0.0729459673166275,
         0.06686712801456451,
         0.006078829523175955
      ],
      [
         0.04012027382850647,
         0.04012027382850647,
         0.04012027382850647
      ],
      [
         0.006078829523175955,
         0.006078829523175955,
         0.10941892862319946
      ]
   ]
}