{
   "K_max": 0.2999991774559021,
   "alpha": 0.09999985247850418,
   "beta": 0.19999992847442627,
   "k_12": 0.0010137332137674093,
   "k_bpo_bioa": 0.40000244975090027,
   "k_clin_bioa": 0.40016478300094604,
   "k_elim_BPO": 1.9999996423721313,
   "k_elim_clin": 3.0,
   "k_elim_isotret": 3.0,
   "k_hydrolysis": 0.35018834471702576,
   "vmax_hlyt": 0.006160038057714701
}