{
   "1st_Layer_Coeffs": [
      [
         -0.11988968402147293,
         -0.005506850313395262,
         0.05835491046309471
      ],
      [
         0.20341180264949799,
         0.0014987960457801819,
         -0.011638561263680458
      ],
      [
         0.23030507564544678,
         0.15963593125343323,
         0.23477254807949066
      ],
      [
         0.18413428962230682,
         0.18382059037685394,
         0.3928375244140625
      ],
      [
         0.06556806713342667,
         0.9734312295913696,
         -0.1427455097436905
      ]
   ],
   "LS_Evolution_F": [
      [
         0.09784017503261566,
         -0.039366547018289566,
         -0.0743076428771019
      ],
      [
         -0.039366547018289566,
         0.891342282295227,
         0.04361323267221451
      ],
      [
         -0.0743076428771019,
         0.04361323267221451,
         0.6186255216598511
      ]
   ],
   "Imputed_Mapping_A": [
      [
         9.99999901978299e-05,
         9.99999901978299e-05,
         0.3903919458389282
      ],
      [
         0.11514018476009369,
         1.2986606359481812,
         0.021720999851822853
      ],
      [
         0.9702759385108948,
         0.09495992958545685,
         9.99999901978299e-05
      ]
   ],
   "Process_Cov": [
      [
         0.11319180375337601,
         0.0,
         0.0
      ],
      [
         0.0,
         0.031162261798977853,
         0.0
      ],
      [
         0.0,
         0.0,
         0.3166857192516327
      ]
   ],
   "Measurement_Cov": [
      [
         0.4663753807544708,
         0.0,
         0.0
      ],
      [
         0.0,
         0.15071287751197815,
         0.0
      ],
      [
         0.0,
         0.0,
         0.1649436354637146
      ]
   ],
   "Treatment_Mapping_G": [
      [
         0.0729459673166275,
         0.06686712801456451,
         0.006078829523175955
      ],
      [
         0.04012027382850647,
         0.04012027382850647,
         0.04012027382850647
      ],
      [
         0.006078829523175955,
         0.006078829523175955,
         0.10941892862319946
      ]
   ]
}